N,CHARACTER_TYPE_ID,Unnamed: 2,N.1,Value
0,CHARACTER_NONE,,0.0,TRUE
1,CHARACTER_MAIN,,1.0,FALSE
2,CHARACTER_MAIN_DREAM,,2.0,NONE
3,CHARACTER_BLANK,,,
4,CHARACTER_SILVANA,,,
,,,,
N,ANIMATION_ID,,,
0,ITEM_USE_ANIMATION_NONE,,,
1,ITEM_USE_ANIMATION_NORMAL,,,
2,ITEM_USE_ANIMATION_TAKE,,,
3,ITEM_USE_ANIMATION_CONFUSE,,,
4,ITEM_USE_ANIMATION_STARE_SCREEN,,,
5,ITEM_USE_ANIMATION_POUR,,,
,,,,
N,INTERACTION_ID,,,
0,INTERACTION_NONE,,,
1,INTERACTION_MOVE,,,
2,INTERACTION_USE,,,
3,INTERACTION_TAKE,,,
4,INTERACTION_OBSERVE,,,
5,INTERACTION_TALK,,,
6,INTERACTION_COMBINE,,,
7,INTERACTION_CROSS_DOOR,,,
,,,,
N,ACTION_TYPE_ID,,,
0,ACTION_TYPE_NONE,,,
1,ACTION_TYPE_SPAWN,,,
2,ACTION_TYPE_DESPAWN,,,
3,ACTION_TYPE_DESTROY,,,
4,ACTION_TYPE_UNCLICKABLE,,,
5,ACTION_TYPE_INVISIBLE,,,
6,ACTION_TYPE_VISIBLE,,,
7,ACTION_TYPE_SET_SPRITE,,,
8,ACTION_TYPE_TRIGGER_ITEM_ANIMATION,,,
9,ACTION_TYPE_EARN_ITEM,,,
10,ACTION_TYPE_LOSE_ITEM,,,
11,ACTION_TYPE_EVENT,,,
12,ACTION_TYPE_NOTIF,,,
13,ACTION_TYPE_MEMENTO,,,
14,ACTION_TYPE_DECISION,,,
15,ACTION_TYPE_START_DIALOGUE,,,
16,ACTION_TYPE_START_DIALOGUE_BCKG,,,
17,ACTION_TYPE_START_ANIMATION,,,
18,ACTION_TYPE_PLAY_SOUND,,,
19,ACTION_TYPE_STOP_SOUND,,,
20,ACTION_TYPE_START_CARD_GAME,,,
21,ACTION_TYPE_SCENE_CHANGE,,,
22,ACTION_TYPE_MOVE_TO_WAYPOINT,,,
23,ACTION_TYPE_EXEC_CUSTOM_FN,,,
24,ACTION_TYPE_SET_ZOOM_REGION,,,
25,ACTION_TYPE_SET_TO_ANIMATION_MODE,,,
26,ACTION_TYPE_REMOVE_ANIMATION_MODE,,,
27,ACTION_TYPE_WAIT_MS,,,
28,ACTION_TYPE_CHANGE_MOMENT_DAY,,,
,,,,
N,ANIMATION_TRIGGER_ID,Comment,,
0,ANIMATION_TRIGGER_ZERO,No trigger,,
1,ANIMATION_TRIGGER_ONE,One shot triggers (auto return to auto steady),,
2,ANIMATION_TRIGGER_TWO,,,
3,ANIMATION_TRIGGER_THREE,,,
4,ANIMATION_TRIGGER_FOUR,,,
5,ANIMATION_TRIGGER_FIVE,,,
6,ANIMATION_TRIGGER_SIX,,,
7,ANIMATION_TRIGGER_SEVEN,,,
8,ANIMATION_TRIGGER_EIGHT,,,
9,ANIMATION_TRIGGER_NINE,,,
10,ANIMATION_TRIGGER_TEN,,,
11,ANIMATION_TRIGGER_ELEVEN,,,
12,ANIMATION_TRIGGER_TWELVE,,,
13,ANIMATION_TRIGGER_THIRTEEN,,,
14,ANIMATION_TRIGGER_FOURTEEN,,,
15,ANIMATION_TRIGGER_FIFTEEN,,,
16,ANIMATION_TRIGGER_SIXTEEN,,,
17,ANIMATION_TRIGGER_CYCLE_ONE,Cycles talk and walk have substeps inside,,
18,ANIMATION_TRIGGER_CYCLE_TWO,,,
19,ANIMATION_TRIGGER_CYCLE_THREE,,,
20,ANIMATION_TRIGGER_CYCLE_FOUR,,,
21,ANIMATION_TRIGGER_CYCLE_FIVE,,,
22,ANIMATION_TRIGGER_CYCLE_SIX,,,
23,ANIMATION_TRIGGER_CYCLE_SEVEN,,,
24,ANIMATION_TRIGGER_CYCLE_EIGHT,,,
25,ANIMATION_TRIGGER_CYCLE_NINE,,,
26,ANIMATION_TRIGGER_CYCLE_TEN,,,
27,ANIMATION_TRIGGER_CYCLE_ELEVEN,,,
28,ANIMATION_TRIGGER_CYCLE_TWELVE,,,
29,ANIMATION_TRIGGER_STEADY_ONE,Steady change automatically default state and auto_steady trgt,,
30,ANIMATION_TRIGGER_STEADY_TWO,,,
31,ANIMATION_TRIGGER_STEADY_THREE,,,
32,ANIMATION_TRIGGER_STEADY_FOUR,,,
33,ANIMATION_TRIGGER_STEADY_FIVE,,,
34,ANIMATION_TRIGGER_STEADY_SIX,,,
35,ANIMATION_TRIGGER_STEADY_SEVEN,,,
36,ANIMATION_TRIGGER_STEADY_EIGHT,,,
37,ANIMATION_TRIGGER_TALK_ONE,Same as cycle but named as talk,,
38,ANIMATION_TRIGGER_TALK_TWO,,,
39,ANIMATION_TRIGGER_TALK_THREE,,,
40,ANIMATION_TRIGGER_TALK_FOUR,,,
41,ANIMATION_TRIGGER_TALK_FIVE,,,
42,ANIMATION_TRIGGER_TALK_SIX,,,
43,ANIMATION_TRIGGER_TALK_SEVEN,,,
44,ANIMATION_TRIGGER_TALK_EIGHT,,,
45,ANIMATION_TRIGGER_AUTO_STEADY,Special trigger which gives last steady trigger taken,,
46,ANIMATION_TRIGGER_WALK_FRONT,Character walks,,
47,ANIMATION_TRIGGER_WALK_BACK,,,
48,ANIMATION_TRIGGER_WALK_CORNERBACK,,,
49,ANIMATION_TRIGGER_WALK_CORNERFRONT,,,
50,ANIMATION_TRIGGER_WALK_SIDE,,,
,,,,
N,ITEM_FAMILY_TYPE_ID,,,
0,ITEM_FAMILY_TYPE_NONE,,,
1,ITEM_FAMILY_TYPE_MAP_POINT,,,
2,ITEM_FAMILY_TYPE_PLAYER,,,
3,ITEM_FAMILY_TYPE_DOOR,,,
4,ITEM_FAMILY_TYPE_NPC,,,
5,ITEM_FAMILY_TYPE_OBJECT,,,
,,,,
N,MOMENT_TYPE_ID,,,
0,MOMENT_MORNING,,,
1,MOMENT_NIGHT,,,
2,MOMENT_ANY,,,
